[{"id":"123245","title":"The Lord of the Rings","imageUrl":"https://www.publicdomainpictures.net/pictures/10000/velka/1-1210009435EGmE.jpg","description":"This is an awesome book!","price":"29.19"},{"id":"0.41607315815753076","title":"Red Book","imageUrl":"https://cdn.pixabay.com/photo/2016/03/31/20/51/book-1296045_960_720.png","description":"First edition of Red Book series Part I","price":"12.49"},{"id":"0.622740346630732","title":"Harry Potter","imageUrl":"https://cdn.pixabay.com/photo/2016/03/31/20/51/book-1296045_960_720.png","description":"Harry Potter 1-6\r\nFull collection.","price":"24.99"},{"id":"0.0006670024716137757","title":"Game of Thrones","imageUrl":"https://www.clipartqueen.com/image-files/book-blue.png","description":"Blue Books series Part 1","price":"18.99"},{"id":"0.7656709403499162","title":"James Bond","imageUrl":"https://cdn.pixabay.com/photo/2016/03/31/20/51/book-1296045_960_720.png","description":"Time to die","price":"19.09"}]